{"assets/fonts/Manrope-Regular.ttf":["assets/fonts/Manrope-Regular.ttf"],"assets/images/banner.png":["assets/images/banner.png"],"assets/images/instagram.png":["assets/images/instagram.png"],"assets/images/phone.png":["assets/images/phone.png"],"assets/images/quote.png":["assets/images/quote.png"],"assets/images/user.png":["assets/images/user.png"],"assets/images/youtube.png":["assets/images/youtube.png"],"packages/cupertino_icons/assets/CupertinoIcons.ttf":["packages/cupertino_icons/assets/CupertinoIcons.ttf"]}